{"cameraMode":{"drawMode":0,"name":"Shaded","section":"Shading Mode"},"sceneLighting":false,"audioPlay":false,"sceneViewState":{"m_AlwaysRefresh":false,"showFog":true,"showSkybox":false,"showFlares":true,"showImageEffects":true,"showParticleSystems":true,"showVisualEffectGraphs":true,"m_FxEnabled":true},"in2DMode":false,"pivot":{"x":0.0014882087707519532,"y":0.8478679656982422,"z":0.9749380350112915},"rotation":{"x":-0.47793370485305788,"y":0.09693295508623123,"z":-0.05305064097046852,"w":-0.8715091347694397},"size":2.1308774948120119,"orthographic":false}